{
  "Desc": {
    "nameArr": [
      {
        "steamLanguageType": 0,
        "Value": "Q版角色模组"
      },
      {
        "steamLanguageType": 2,
        "Value": "Q-Version Character Mod"
      }
    ],
    "descArr": [
      {
        "steamLanguageType": 0,
        "Value": "使你的角色变得有点头大。"
      },
      {
        "steamLanguageType": 2,
        "Value": "\"Make your character's head a bit larger.\""
      }
    ]
  },
  "UID": 4808516826758299269,
  "Author": "Lanka",
  "Version": "0.0.1",
  "Website": "",
  "Tags": [],
  "Dependencies": [],
  "Visibility": 2,
  "Icon": "Icon.png",
  "ChannelIds": [
    {
      "ChannelId": 2,
      "UID": "3101430466"
    }
  ]
}